{"cameraMode":{"drawMode":0,"name":"Shaded","section":"Shading Mode"},"sceneLighting":true,"audioPlay":false,"sceneViewState":{"m_AlwaysRefresh":false,"showFog":true,"showSkybox":true,"showFlares":true,"showImageEffects":true,"showParticleSystems":true,"showVisualEffectGraphs":true,"m_FxEnabled":true},"in2DMode":false,"pivot":{"x":3.7772133350372316,"y":17.426088333129884,"z":71.4249496459961},"rotation":{"x":0.02516918070614338,"y":-0.038381680846214297,"z":-0.0009668467682786286,"w":-0.9989486336708069},"size":40.82396697998047,"orthographic":false}